date,ticker,market,open,close,high,low,adjclose,volume,zadjcp
2025-02-28 00:00:00+08:00,600519.SS,csi300,1485.5,1500.790039,1528.380005,1482,1500.790039,5612895,1
2025-02-28 00:00:00+08:00,601318.SS,csi300,51.40000153,50.38000107,51.65000153,50.38000107,50.38000107,80526753,1
2025-02-28 00:00:00+08:00,600036.SS,csi300,42.38000107,42.04999924,42.65999985,42.04999924,42.04999924,70542365,1
2025-02-28 00:00:00+08:00,000858.SZ,csi300,130.6000061,131.5800018,135.6999969,131.5,131.5800018,33720213,1
2025-02-28 00:00:00+08:00,600900.SS,csi300,27.47999954,27.37999916,27.73999977,27.35000038,27.37999916,117501775,1
2025-02-28 00:00:00+08:00,601166.SS,csi300,20.86000061,20.75,21.09000015,20.75,20.75,63937206,1
2025-02-28 00:00:00+08:00,600030.SS,csi300,28.15999985,27.32999992,28.57999992,27.29999924,27.32999992,159499112,1
2025-02-28 00:00:00+08:00,600276.SS,csi300,47.70999908,45.95999908,48.09999847,45.81000137,45.95999908,49161519,1
2025-02-28 00:00:00+08:00,601398.SS,csi300,6.900000095,6.869999886,6.980000019,6.869999886,6.869999886,431589620,1
2025-02-28 00:00:00+08:00,600887.SS,csi300,28.15999985,28.28000069,28.85000038,28.11000061,28.28000069,72575819,1
2025-02-28 00:00:00+08:00,000651.SZ,csi300,41.84000015,40.84999847,41.86999893,40.81000137,40.84999847,61372840,1
2025-02-28 00:00:00+08:00,601328.SS,csi300,7.269999981,7.210000038,7.320000172,7.210000038,7.210000038,136950323,1
2025-02-28 00:00:00+08:00,600309.SS,csi300,68.90000153,68.80999756,70.58999634,68.66000366,68.80999756,26509497,1
2025-02-28 00:00:00+08:00,000725.SZ,csi300,4.489999771,4.309999943,4.380000114,4.28000021,4.309999943,486167227,1
2025-02-28 00:00:00+08:00,000568.SZ,csi300,118.4499969,126.4599991,130.1000061,126.1900024,126.4599991,17523547,1
2025-02-28 00:00:00+08:00,601088.SS,csi300,35.68000031,35.45000076,35.88000107,35.43999863,35.45000076,35589052,1
2025-02-28 00:00:00+08:00,600028.SS,csi300,5.820000172,5.78000021,5.880000114,5.78000021,5.78000021,179805187,1
2025-02-28 00:00:00+08:00,600809.SS,csi300,204,203.6799927,209.8999939,203.2400055,203.6799927,8764622,1
2025-02-28 00:00:00+08:00,000001.SZ,csi300,11.68999958,11.52999973,11.68000031,11.5,11.52999973,94908806,1
2025-02-28 00:00:00+08:00,600016.SS,csi300,4.119999886,4.119999886,4.150000095,4.119999886,4.119999886,191519435,1
2025-02-28 00:00:00+08:00,601857.SS,csi300,7.849999905,7.860000134,7.96999979,7.840000153,7.860000134,201612695,1
2025-02-28 00:00:00+08:00,000063.SZ,csi300,40.38000107,38.65999985,40.25,38.59999847,38.65999985,166992468,1
2025-02-28 00:00:00+08:00,601988.SS,csi300,5.420000076,5.400000095,5.46999979,5.400000095,5.400000095,204479024,1
2025-02-28 00:00:00+08:00,600406.SS,csi300,23.14999962,23.45000076,24.04000092,23.06999969,23.45000076,60306511,1
2025-02-28 00:00:00+08:00,000338.SZ,csi300,15,15.68999958,16.07999992,15.68000031,15.68999958,93063948,1
2025-02-28 00:00:00+08:00,600050.SS,csi300,6.340000153,6.25,6.420000076,6.159999847,6.25,715221083,1
2025-02-28 00:00:00+08:00,600690.SS,csi300,26.53000069,26.25,27.17000008,26.25,26.25,60295153,1
2025-02-28 00:00:00+08:00,002142.SZ,csi300,24.89999962,24.28000069,24.54000092,24.28000069,24.28000069,29683517,1
2025-02-27 00:00:00+08:00,600837.SS,csi300,10.40999985,10.40999985,10.40999985,10.40999985,10.40999985,0,1
2025-02-28 00:00:00+08:00,000792.SZ,csi300,16.44000053,16.5,16.88999939,16.43000031,16.5,47543869,1
2025-02-28 00:00:00+08:00,601601.SS,csi300,32.24000168,30.87000084,32.40000153,30.87000084,30.87000084,50811351,1
2025-02-28 00:00:00+08:00,000100.SZ,csi300,4.869999886,4.619999886,4.739999771,4.610000134,4.619999886,311882652,1
2025-02-28 00:00:00+08:00,600000.SS,csi300,10.22999954,10.17000008,10.30000019,10.17000008,10.17000008,44651100,1
2025-02-28 00:00:00+08:00,600031.SS,csi300,17.93000031,18.20000076,18.5,17.90999985,18.20000076,137167392,1
2025-02-28 00:00:00+08:00,600150.SS,csi300,31.20000076,30.86000061,31.70999908,30.80999947,30.86000061,60439345,1
2025-02-28 00:00:00+08:00,601169.SS,csi300,5.860000134,5.840000153,5.900000095,5.829999924,5.840000153,73736903,1
2025-02-28 00:00:00+08:00,600089.SS,csi300,12.18999958,12.06999969,12.28999996,12.06999969,12.06999969,43956156,1
2025-02-28 00:00:00+08:00,000625.SZ,csi300,13.26000023,12.92000008,13.35999966,12.89999962,12.92000008,117451133,1
2025-02-28 00:00:00+08:00,600438.SS,csi300,21.5,21.09000015,21.75,21.06999969,21.09000015,46377080,1
2025-02-28 00:00:00+08:00,600048.SS,csi300,8.819999695,8.699999809,8.949999809,8.68999958,8.699999809,217380800,1
2025-02-28 00:00:00+08:00,600104.SS,csi300,16.81999969,16.45000076,16.97999954,16.40999985,16.45000076,59707813,1
2025-02-28 00:00:00+08:00,600660.SS,csi300,56.75,56.25999832,57.34000015,56,56.25999832,11955615,1
2025-02-28 00:00:00+08:00,000002.SZ,csi300,7.53000021,7.75,8.029999733,7.670000076,7.75,272679023,1
2025-02-28 00:00:00+08:00,600436.SS,csi300,202.0599976,204.5299988,206.5500031,201.5,204.5299988,4031085,1
2025-02-28 00:00:00+08:00,601919.SS,csi300,13.72000027,13.61999989,13.81000042,13.60999966,13.61999989,73338048,1
2025-02-28 00:00:00+08:00,601390.SS,csi300,5.920000076,5.909999847,5.989999771,5.889999866,5.909999847,127032819,1
2025-02-28 00:00:00+08:00,002027.SZ,csi300,6.329999924,6.349999905,6.510000229,6.340000153,6.349999905,185558543,1
2025-02-28 00:00:00+08:00,601006.SS,csi300,6.75,6.699999809,6.789999962,6.699999809,6.699999809,52920297,1
2025-02-28 00:00:00+08:00,600019.SS,csi300,7.079999924,7.079999924,7.139999866,7.039999962,7.079999924,116898643,1
2025-02-28 00:00:00+08:00,600585.SS,csi300,23.14999962,23.26000023,23.5,23.04999924,23.26000023,25190531,1
2025-02-28 00:00:00+08:00,002050.SZ,csi300,33.74000168,30.31999969,31.82999992,30.15999985,30.31999969,174893265,1
2025-02-28 00:00:00+08:00,000938.SZ,csi300,30.60000038,29.55999947,31.37000084,29.47999954,29.55999947,136223714,1
2025-02-28 00:00:00+08:00,601628.SS,csi300,40.20000076,38.90999985,40.59999847,38.90999985,38.90999985,15944621,1
2025-02-28 00:00:00+08:00,002049.SZ,csi300,63.81999969,61.65000153,64.44999695,61.58000183,61.65000153,28188067,1
2025-02-28 00:00:00+08:00,601600.SS,csi300,7.210000038,7.150000095,7.269999981,7.150000095,7.150000095,112463845,1
2025-02-28 00:00:00+08:00,600111.SS,csi300,22.5,22.37000084,22.71999931,22.23999977,22.37000084,37929180,1
2025-02-28 00:00:00+08:00,601939.SS,csi300,8.569999695,8.510000229,8.640000343,8.510000229,8.510000229,108379201,1
2025-02-28 00:00:00+08:00,600893.SS,csi300,35.81999969,35.11999893,36.09999847,35.11999893,35.11999893,20588594,1
2025-02-28 00:00:00+08:00,601009.SS,csi300,10.14999962,10.10000038,10.23999977,10.10000038,10.10000038,29303938,1
2025-02-28 00:00:00+08:00,000538.SZ,csi300,56.29999924,55.16999817,55.68000031,54.86000061,55.16999817,12138600,1
2025-02-28 00:00:00+08:00,600009.SS,csi300,32.70000076,32.49000168,32.88999939,32.34999847,32.49000168,8988414,1
2025-02-28 00:00:00+08:00,002129.SZ,csi300,8.960000038,8.989999771,9.329999924,8.949999809,8.989999771,74408497,1
2025-02-28 00:00:00+08:00,600886.SS,csi300,14.10999966,14.25,14.39000034,14.09000015,14.25,41232932,1
2025-02-28 00:00:00+08:00,600760.SS,csi300,44.04999924,43.54000092,44.36000061,43.49000168,43.54000092,18125788,1
2025-02-28 00:00:00+08:00,000425.SZ,csi300,8.31000042,8.81000042,9.020000458,8.760000229,8.81000042,159562505,1
2025-02-28 00:00:00+08:00,000776.SZ,csi300,15.59000015,15.34000015,15.92000008,15.31999969,15.34000015,52619195,1
2025-02-28 00:00:00+08:00,600795.SS,csi300,4.239999771,4.230000019,4.289999962,4.21999979,4.230000019,150447287,1
2025-02-28 00:00:00+08:00,000661.SZ,csi300,97.41999817,94.98000336,98.55000305,94.90000153,94.98000336,6254628,1
2025-02-28 00:00:00+08:00,000166.SZ,csi300,5.139999866,5.099999905,5.320000172,5.070000172,5.099999905,127604148,1
2025-02-28 00:00:00+08:00,600426.SS,csi300,20.76000023,20.54999924,20.95000076,20.45999908,20.54999924,16140195,1
2025-02-28 00:00:00+08:00,600015.SS,csi300,7.269999981,7.21999979,7.320000172,7.21999979,7.21999979,41575015,1
2025-02-28 00:00:00+08:00,000157.SZ,csi300,7.420000076,8,8.25,7.96999979,8,133009253,1
2025-02-28 00:00:00+08:00,600547.SS,csi300,23.5,23.32999992,23.63999939,23.30999947,23.32999992,23341524,1
2025-02-28 00:00:00+08:00,600011.SS,csi300,6.679999828,6.71999979,6.789999962,6.650000095,6.71999979,64406761,1
2025-02-28 00:00:00+08:00,000977.SZ,csi300,65.61000061,59.20999908,62.65000153,59,59.20999908,96260922,1
2025-02-28 00:00:00+08:00,600674.SS,csi300,15.06999969,14.97000027,15.17000008,14.97000027,14.97000027,16736335,1
2025-02-28 00:00:00+08:00,600584.SS,csi300,38.84999847,37.29000092,38.95000076,37.27000046,37.29000092,69003266,1
2025-02-28 00:00:00+08:00,600570.SS,csi300,32.36999893,30.54999924,32.54999924,30.39999962,30.54999924,64541336,1
2025-02-28 00:00:00+08:00,002179.SZ,csi300,36.75999832,37.68999863,39.11999893,37.59999847,37.68999863,22221422,1
2025-02-28 00:00:00+08:00,000596.SZ,csi300,163.5,167.8500061,172.8999939,167.5700073,167.8500061,4109607,1
2025-02-28 00:00:00+08:00,600188.SS,csi300,13.35000038,13.27000046,13.47000027,13.25,13.27000046,23679308,1
2025-02-28 00:00:00+08:00,600010.SS,csi300,1.850000024,1.809999943,1.870000005,1.809999943,1.809999943,391823476,1
2025-02-28 00:00:00+08:00,601111.SS,csi300,7.179999828,7.239999771,7.340000153,7.159999847,7.239999771,128543121,1
2025-02-28 00:00:00+08:00,001979.SZ,csi300,9.369999886,9.819999695,10.05000019,9.789999962,9.819999695,84323350,1
2025-02-28 00:00:00+08:00,600845.SS,csi300,33.84999847,32.68999863,33.97999954,32.5,32.68999863,30204553,1
2025-02-28 00:00:00+08:00,600745.SS,csi300,36.29000092,34.65000153,36.41999817,34.54999924,34.65000153,26144613,1
2025-02-28 00:00:00+08:00,600115.SS,csi300,3.829999924,3.829999924,3.880000114,3.819999933,3.829999924,83961240,1
2025-02-28 00:00:00+08:00,600029.SS,csi300,5.880000114,5.849999905,5.96999979,5.829999924,5.849999905,78052096,1
2025-02-28 00:00:00+08:00,600196.SS,csi300,25.30999947,24.98999977,25.46999931,24.86000061,24.98999977,15511340,1
2025-02-28 00:00:00+08:00,601699.SS,csi300,12.22000027,12.05000019,12.23999977,12.02999973,12.05000019,12721593,1
2025-02-28 00:00:00+08:00,600085.SS,csi300,36.34999847,36.09999847,36.68000031,36.02999878,36.09999847,9697185,1
2025-02-28 00:00:00+08:00,000895.SZ,csi300,26.12000084,26.87999916,27.19000053,26.79999924,26.87999916,10960490,1
2025-02-28 00:00:00+08:00,600489.SS,csi300,12.21000004,12.10999966,12.28999996,12.09000015,12.10999966,51109844,1
2025-02-28 00:00:00+08:00,000963.SZ,csi300,33.97999954,34.63000107,35.77999878,34.50999832,34.63000107,9998995,1
2025-02-28 00:00:00+08:00,000768.SZ,csi300,24.97999954,24.17000008,24.65999985,24.12000084,24.17000008,18597203,1
2025-02-28 00:00:00+08:00,000786.SZ,csi300,28.87000084,28.80999947,29.42000008,28.45000076,28.80999947,22532730,1
2025-02-28 00:00:00+08:00,600600.SS,csi300,69.44999695,69.68000031,71.58999634,69.30000305,69.68000031,9430270,1
2025-02-28 00:00:00+08:00,000301.SZ,csi300,9.039999962,9.239999771,9.390000343,9.18999958,9.239999771,18145350,1
2025-02-28 00:00:00+08:00,002001.SZ,csi300,21.68000031,21.17000008,21.48999977,21.12999916,21.17000008,20674057,1
2025-02-28 00:00:00+08:00,600741.SS,csi300,18.54999924,18.20000076,18.64999962,18.10000038,18.20000076,21181709,1
2025-02-28 00:00:00+08:00,600346.SS,csi300,15.72000027,15.65999985,15.80000019,15.56999969,15.65999985,17454290,1
2025-02-28 00:00:00+08:00,000983.SZ,csi300,6.949999809,6.920000076,6.980000019,6.849999905,6.920000076,52722654,1
2025-02-28 00:00:00+08:00,600588.SS,csi300,15.94999981,15.25,16.23999977,15.13000011,15.25,84325997,1
2025-02-28 00:00:00+08:00,600515.SS,csi300,3.75999999,3.779999971,3.839999914,3.74000001,3.779999971,88670051,1
2025-02-28 00:00:00+08:00,600176.SS,csi300,11.56999969,11.38000011,11.64000034,11.34000015,11.38000011,21611474,1
2025-02-28 00:00:00+08:00,601872.SS,csi300,6.360000134,6.300000191,6.380000114,6.269999981,6.300000191,53346310,1
2025-02-28 00:00:00+08:00,000408.SZ,csi300,33.61000061,31.95000076,32.86000061,31.89999962,31.95000076,8173822,1
2025-02-28 00:00:00+08:00,002180.SZ,csi300,26.68000031,26.20999908,27.29000092,26.10000038,26.20999908,14742500,1
2025-02-28 00:00:00+08:00,600372.SS,csi300,11.60000038,11.39999962,11.68000031,11.38000011,11.39999962,27218622,1
2025-02-28 00:00:00+08:00,000733.SZ,csi300,43.02000046,43.61999893,45.09999847,43.45999908,43.61999893,9575031,1
2025-02-28 00:00:00+08:00,600233.SS,csi300,13.63000011,13.76000023,13.88000011,13.63000011,13.76000023,17723052,1
2025-02-28 00:00:00+08:00,000999.SZ,csi300,42.36000061,40.97999954,41.75,40.95999908,40.97999954,12227246,1
2025-02-28 00:00:00+08:00,600219.SS,csi300,3.75,3.720000029,3.789999962,3.720000029,3.720000029,116320085,1
2025-02-28 00:00:00+08:00,002007.SZ,csi300,16.42000008,15.78999996,16.13999939,15.76000023,15.78999996,10464272,1
2025-02-28 00:00:00+08:00,002074.SZ,csi300,22.44000053,23.29000092,24.12999916,23.22999954,23.29000092,49505930,1
2025-02-28 00:00:00+08:00,002202.SZ,csi300,8.930000305,9.050000191,9.18999958,9.050000191,9.050000191,42763706,1
2025-02-28 00:00:00+08:00,600332.SS,csi300,26.64999962,26.59000015,26.95000076,26.54000092,26.59000015,8909531,1
2025-02-28 00:00:00+08:00,600362.SS,csi300,20.92000008,20.71999931,21.01000023,20.71999931,20.71999931,14611170,1
2025-02-28 00:00:00+08:00,000876.SZ,csi300,9.989999771,9.56000042,9.829999924,9.529999733,9.56000042,47390646,1
2025-02-28 00:00:00+08:00,600183.SS,csi300,30.47999954,28.77000046,30.76000023,28.60000038,28.77000046,65085908,1
2025-02-28 00:00:00+08:00,601607.SS,csi300,19.45999908,19.20000076,19.54999924,19.13999939,19.20000076,13674265,1
2025-02-28 00:00:00+08:00,601998.SS,csi300,6.659999847,6.900000095,6.949999809,6.650000095,6.900000095,269636329,1
2025-02-28 00:00:00+08:00,600875.SS,csi300,14.85000038,14.60999966,14.97000027,14.59000015,14.60999966,18922620,1
2025-02-28 00:00:00+08:00,600061.SS,csi300,7.340000153,7.099999905,7.420000076,7.099999905,7.099999905,38864711,1
2025-02-28 00:00:00+08:00,600460.SS,csi300,26.51000023,25.51000023,26.68000031,25.47999954,25.51000023,37953457,1
2025-02-28 00:00:00+08:00,600803.SS,csi300,19.79999924,20.27000046,20.27000046,19.62000084,20.27000046,11213773,1
2025-02-28 00:00:00+08:00,600732.SS,csi300,13.77000046,13.15999985,14.09000015,13.06000042,13.15999985,65567193,1
2025-02-28 00:00:00+08:00,600132.SS,csi300,56.86999893,56.18000031,57.66999817,56.18000031,56.18000031,4426127,1
2025-02-28 00:00:00+08:00,000617.SZ,csi300,6.539999962,6.320000172,6.519999981,6.289999962,6.320000172,83493425,1
2025-02-28 00:00:00+08:00,000069.SZ,csi300,2.460000038,2.470000029,2.539999962,2.460000038,2.470000029,57284064,1
2025-02-28 00:00:00+08:00,600018.SS,csi300,5.579999924,5.559999943,5.619999886,5.550000191,5.559999943,27567971,1
2025-02-28 00:00:00+08:00,000708.SZ,csi300,11.81999969,12.18000031,12.40999985,12.14999962,12.18000031,18652938,1
2025-02-28 00:00:00+08:00,600039.SS,csi300,7.340000153,7.340000153,7.46999979,7.300000191,7.340000153,38560382,1
2025-02-28 00:00:00+08:00,600754.SS,csi300,26.60000038,26.59000015,26.97999954,26.54000092,26.59000015,9949146,1
2025-02-28 00:00:00+08:00,000877.SZ,csi300,5.449999809,5.519999981,5.699999809,5.510000229,5.519999981,12660975,1
2025-02-28 00:00:00+08:00,600606.SS,csi300,1.929999948,1.889999986,1.950000048,1.879999995,1.889999986,124445623,1
2025-02-28 00:00:00+08:00,601808.SS,csi300,14.14999962,14.43999958,14.47999954,14.10999966,14.43999958,17585403,1
2025-02-28 00:00:00+08:00,000800.SZ,csi300,8.069999695,7.96999979,8.159999847,7.980000019,7.96999979,11591252,1
2025-02-28 00:00:00-05:00,AAPL,dj30,236.9499969,236.5399933,237.3000031,234.5099945,236.5399933,4504215,1
2025-02-28 00:00:00-05:00,MSFT,dj30,392.7550049,389.7399902,392.8999939,386.5755005,389.7399902,2734731,1
2025-02-28 00:00:00-05:00,JPM,dj30,260.1799927,261.5960999,262.480011,259.4899902,261.5960999,583127,1
2025-02-28 00:00:00-05:00,WMT,dj30,95.90000153,98.07499695,98.23000336,97.48999786,98.07499695,1488718,1
2025-02-28 00:00:00-05:00,JNJ,dj30,162.3099976,164.8699951,165.8849945,164.3099976,164.8699951,514344,1
2025-02-28 00:00:00-05:00,UNH,dj30,466.1700134,473.4700012,474.8528137,467,473.4700012,1023188,1
2025-02-28 00:00:00-05:00,HD,dj30,389.9100037,395.8599854,395.9899902,393.0400085,395.8599854,223023,1
2025-02-28 00:00:00-05:00,PG,dj30,170.8500061,174.1300049,174.5899963,173.4750061,174.1300049,465476,1
2025-02-28 00:00:00-05:00,DIS,dj30,112.3199997,112.2539978,112.5999985,111,112.2539978,580524,1
2025-02-28 00:00:00-05:00,INTC,dj30,23.02000046,23.06999969,23.18000031,22.63999939,23.06999969,6716376,1
2025-02-28 00:00:00-05:00,IBM,dj30,255.2200012,247.9799957,251.8399963,246.5399933,247.9799957,682776,1
2025-02-28 00:00:00-05:00,GS,dj30,617.539978,607.1900024,610.1849976,605.5,607.1900024,155606,1
2025-02-28 00:00:00-05:00,NKE,dj30,81.48999786,79.69999695,79.95999908,79.20999908,79.69999695,649854,1
2025-02-28 00:00:00-05:00,TRV,dj30,249.8999939,257.2000122,258.7900085,256.5100098,257.2000122,289546,1
2025-02-28 00:00:00-05:00,MCD,dj30,305.1900024,305.7749939,307.9400024,303.8800049,305.7749939,581897,1
2025-02-28 00:00:00-05:00,CAT,dj30,343.6499939,341.8624878,342.9750061,340.2600098,341.8624878,99124,1
2025-02-28 00:00:00-05:00,MMM,dj30,148.7700043,151.3549957,152.3000031,151,151.3549957,191684,1
2025-02-28 00:00:00-05:00,AXP,dj30,296,296.1099854,297.3200073,294.9700012,296.1099854,107849,1
2025-02-28 00:00:00-05:00,BA,dj30,174.5200043,174.8549957,175.2734985,173.8000031,174.8549957,323776,1
2025-02-28 00:00:00-05:00,MRK,dj30,89.34999847,91.51999664,91.76999664,90.70500183,91.51999664,647219,1
2025-02-28 00:00:00-05:00,KO,dj30,70.72000122,71.16999817,71.55999756,71.08999634,71.16999817,1212918,1
2025-02-28 00:00:00-05:00,PFE,dj30,26.28499985,26.125,26.23500061,26.04999924,26.125,2290309,1
2025-02-28 00:00:00-05:00,VZ,dj30,43.08000183,43.49499893,43.75,43.38000107,43.49499893,1129359,1
2025-02-28 00:00:00-05:00,CSCO,dj30,63.98500061,63.68989944,63.98500061,63.39319992,63.68989944,1323211,1
2025-02-28 00:00:00-05:00,CVX,dj30,155.6900024,156.085907,156.5299988,154.9450073,156.085907,313233,1
2025-02-28 00:00:00-05:00,XOM,dj30,110.0100021,109.9000015,110.1600037,109.3399963,109.9000015,956975,1
2025-02-28 00:00:00-05:00,WBA,dj30,10.63000011,11.23999977,11.48999977,10.59000015,11.23999977,4136777,1
2025-02-28 00:00:00+00:00,AAL.L,ftse,2330,2340.5,2360,2301.5,2340.5,780069,1
2025-02-28 00:00:00+00:00,ABF.L,ftse,1862.5,1898,1899.5,1862.5,1898,174678,1
2025-02-28 00:00:00+00:00,AHT.L,ftse,4747,4796,4813,4740,4796,224113,1
2025-02-28 00:00:00+00:00,ALW.L,ftse,1260,1262,1266.5,1254,1262,197806,1
2025-02-28 00:00:00+00:00,ANTO.L,ftse,1741.5,1735,1757.5,1719.5,1735,326556,1
2025-02-28 00:00:00+00:00,AV.L,ftse,543.2000122,547,547.2000122,537.7999878,547,5561904,1
2025-02-28 00:00:00+00:00,AZN.L,ftse,11942,11970,12006,11904,11970,451292,1
2025-02-28 00:00:00+00:00,BA.L,ftse,1400.5,1398.5,1420,1374,1398.5,3995816,1
2025-02-28 00:00:00+00:00,BARC.L,ftse,299.1000061,306.5499878,307.0499878,297.2999878,306.5499878,26778112,1
2025-02-28 00:00:00+00:00,BATS.L,ftse,3063,3085,3090,3055,3085,1244596,1
2025-02-28 00:00:00+00:00,BKG.L,ftse,3534,3700,3704,3524,3700,250981,1
2025-02-28 00:00:00+00:00,BLND.L,ftse,359.3999939,359.3999939,363.2000122,359.3999939,359.3999939,415652,1
2025-02-28 00:00:00+00:00,BNZL.L,ftse,3308,3342,3346,3308,3342,95860,1
2025-02-28 00:00:00+00:00,BP.L,ftse,436.5499878,433.7999878,437.2000122,431.7000122,433.7999878,7074649,1
2025-02-28 00:00:00+00:00,BT-A.L,ftse,157.4499969,160.2160034,160.3999939,157.3500061,160.2160034,7144884,1
2025-02-28 00:00:00+00:00,BTRW.L,ftse,413.2999878,428.3999939,429,411.5682068,428.3999939,1042095,1
2025-02-28 00:00:00+00:00,CNA.L,ftse,146.8999939,148.9199066,149.2496948,146.5500031,148.9199066,2869087,1
2025-02-28 00:00:00+00:00,CPG.L,ftse,2754,2763,2780,2750,2763,702002,1
2025-02-28 00:00:00+00:00,CRDA.L,ftse,3213,3314,3336,3204,3314,139126,1
2025-02-28 00:00:00+00:00,DCC.L,ftse,5275,5350,5350,5270,5350,58917,1
2025-02-28 00:00:00+00:00,DGE.L,ftse,2113.5,2166,2166.5,2109,2166,3348690,1
2025-02-28 00:00:00+00:00,DPLM.L,ftse,4438,4490,4500,4438,4490,19043,1
2025-02-28 00:00:00+00:00,FCIT.L,ftse,1146,1147.555054,1154,1144,1147.555054,157251,1
2025-02-28 00:00:00+00:00,GAW.L,ftse,14100,14300,14320,14100,14300,8864,1
2025-02-28 00:00:00+00:00,GSK.L,ftse,1462.5,1474.5,1475.23999,1460,1474.5,1450894,1
2025-02-28 00:00:00+00:00,HLMA.L,ftse,2749,2784,2796,2749,2784,119849,1
2025-02-28 00:00:00+00:00,HSBA.L,ftse,913.2000122,923.4000244,925.5999756,909.0999756,923.4000244,8482009,1
2025-02-28 00:00:00+00:00,HSX.L,ftse,1157,1183,1193,1156.800049,1183,392285,1
2025-02-28 00:00:00+00:00,HWDN.L,ftse,776.5,772.5,786,771.5,772.5,1711439,1
2025-02-28 00:00:00+00:00,ICG.L,ftse,2256,2264,2270,2242,2264,210564,1
2025-02-28 00:00:00+00:00,III.L,ftse,3992,3942.648926,3993,3921,3942.648926,824959,1
2025-02-28 00:00:00+00:00,IMB.L,ftse,2781,2799,2809,2780,2799,441429,1
2025-02-28 00:00:00+00:00,IMI.L,ftse,1835,1977,2000.560059,1831,1977,440572,1
2025-02-28 00:00:00+00:00,INF.L,ftse,848.7999878,859.4000244,860.5999756,848.5999756,859.4000244,246676,1
2025-02-28 00:00:00+00:00,JD.L,ftse,78.62000275,79.5,79.55999756,78.30000305,79.5,2348528,1
2025-02-28 00:00:00+00:00,KGF.L,ftse,246.8999939,250,250.8999939,246.8999939,250,3278653,1
2025-02-28 00:00:00+00:00,LAND.L,ftse,567.5,565.6339722,577,565,565.6339722,699088,1
2025-02-28 00:00:00+00:00,LGEN.L,ftse,241.5,244.7400055,245.1000061,239.9100037,244.7400055,3943562,1
2025-02-28 00:00:00+00:00,LLOY.L,ftse,71.77999878,72.10800171,72.30000305,71.13169861,72.10800171,47447995,1
2025-02-28 00:00:00+00:00,MKS.L,ftse,353.3999939,355.5,358.2999878,353.2999878,355.5,1174321,1
2025-02-28 00:00:00+00:00,NG.L,ftse,965.2000122,975,976.5999756,964.4000244,975,1627950,1
2025-02-28 00:00:00+00:00,NWG.L,ftse,471.5,475.6000061,479.8999939,466.8999939,475.6000061,11607352,1
2025-02-28 00:00:00+00:00,NXT.L,ftse,9930,10015,10060,9926,10015,32536,1
2025-02-28 00:00:00+00:00,PRU.L,ftse,710.4000244,726.5999756,727.2000122,706.2000122,726.5999756,1795833,1
2025-02-28 00:00:00+00:00,PSN.L,ftse,1128.5,1198.5,1202.5,1123.5,1198.5,1005566,1
2025-02-28 00:00:00+00:00,PSON.L,ftse,1310,1352.5,1401,1310,1352.5,1093319,1
2025-02-28 00:00:00+00:00,REL.L,ftse,3769,3810,3816,3768,3810,1118738,1
2025-02-28 00:00:00+00:00,RIO.L,ftse,4737.5,4784,4803,4705,4784,1630696,1
2025-02-28 00:00:00+00:00,RKT.L,ftse,5214,5276,5302,5206,5276,361761,1
2025-02-28 00:00:00+00:00,RR.L,ftse,735.2000122,752.197998,758.4000244,732.2000122,752.197998,14196998,1
2025-02-28 00:00:00+00:00,RTO.L,ftse,389,393.5,396.1000061,385,393.5,1854483,1
2025-02-28 00:00:00+00:00,SBRY.L,ftse,256.2000122,258.6000061,259.2000122,256,258.6000061,1242716,1
2025-02-28 00:00:00+00:00,SDR.L,ftse,368.3999939,370.2000122,371.6000061,365.7999878,370.2000122,423409,1
2025-02-28 00:00:00+00:00,SGE.L,ftse,1255.5,1270.5,1274,1253.5,1270.5,325802,1
2025-02-28 00:00:00+00:00,SGRO.L,ftse,696.4000244,706.8839722,710,696,706.8839722,285402,1
2025-02-28 00:00:00+00:00,SHEL.L,ftse,2643,2629,2652.5,2623,2629,2089134,1
2025-02-28 00:00:00+00:00,SMIN.L,ftse,2002,2022,2028,1998,2022,416363,1
2025-02-28 00:00:00+00:00,SMT.L,ftse,1036.5,1033.5,1041,1028.339966,1033.5,1427589,1
2025-02-28 00:00:00+00:00,SN.L,ftse,1142,1154,1154,1127.5,1154,586197,1
2025-02-28 00:00:00+00:00,SPX.L,ftse,7170,7280,7310,7170,7280,32458,1
2025-02-28 00:00:00+00:00,SSE.L,ftse,1485.5,1517,1520,1485,1517,772827,1
2025-02-28 00:00:00+00:00,STAN.L,ftse,1252,1267.5,1271.224976,1252,1267.5,3126732,1
2025-02-28 00:00:00+00:00,STJ.L,ftse,1088,1065,1093,1055,1065,855804,1
2025-02-28 00:00:00+00:00,SVT.L,ftse,2448,2489,2494,2445,2489,143866,1
2025-02-28 00:00:00+00:00,TSCO.L,ftse,378.2999878,379.1000061,382.1000061,378.2999878,379.1000061,2215433,1
2025-02-28 00:00:00+00:00,TW.L,ftse,109.8000031,114.8000031,115.0329971,109.6999969,114.8000031,22040201,1
2025-02-28 00:00:00+00:00,ULVR.L,ftse,4441,4485.726563,4488,4435,4485.726563,1853933,1
2025-02-28 00:00:00+00:00,UTG.L,ftse,826,837.5,840.5,826,837.5,144009,1
2025-02-28 00:00:00+00:00,UU.L,ftse,961,977.4000244,978.5999756,960.2000122,977.4000244,176781,1
2025-02-28 00:00:00+00:00,VOD.L,ftse,69.16000366,69.91999817,70.04000092,69.05999756,69.91999817,62980157,1
2025-02-28 00:00:00+00:00,WEIR.L,ftse,2258,2414,2420,2258,2414,701008,1
2025-02-28 00:00:00+00:00,WTB.L,ftse,2661,2658,2671,2651,2658,64278,1
2025-02-28 00:00:00+09:00,005930.KS,kospi,55400,54500,55700,54500,54500,28036698,1
2025-02-28 00:00:00+09:00,000660.KS,kospi,191600,190200,193000,188700,190200,5533027,1
2025-02-28 00:00:00+09:00,005380.KS,kospi,198600,193000,198800,193000,193000,1187503,1
2025-02-28 00:00:00+09:00,000270.KS,kospi,93500,93200,94400,93000,93200,1640049,1
2025-02-28 00:00:00+09:00,055550.KS,kospi,46600,45850,47300,45850,45850,3070901,1
2025-02-28 00:00:00+09:00,005490.KS,kospi,275500,272500,279000,271000,272500,462786,1
2025-02-28 00:00:00+09:00,010130.KS,kospi,769000,743000,769000,742000,743000,89630,1
2025-02-28 00:00:00+09:00,012330.KS,kospi,257500,245500,260000,245000,245500,283138,1
2025-02-28 00:00:00+09:00,006400.KS,kospi,235000,224000,235000,222500,224000,689575,1
2025-02-28 00:00:00+09:00,000810.KS,kospi,391000,382500,391000,381500,382500,166189,1
2025-02-28 00:00:00+09:00,011200.KS,kospi,20200,19590,20600,19210,19590,4980633,1
2025-02-28 00:00:00+09:00,015760.KS,kospi,22800,21350,22950,21050,21350,6539141,1
2025-02-28 00:00:00+09:00,033780.KS,kospi,98200,98300,99900,97300,98300,1051878,1
2025-02-28 00:00:00+09:00,012450.KS,kospi,643000,594000,651000,592000,594000,763278,1
2025-02-28 00:00:00+09:00,009540.KS,kospi,213000,214000,215000,208000,214000,378018,1
2025-02-28 00:00:00+09:00,017670.KS,kospi,56300,56000,57200,56000,56000,1084138,1
2025-02-28 00:00:00+09:00,030200.KS,kospi,47300,47000,47650,46800,47000,545342,1
2025-02-28 00:00:00+09:00,010140.KS,kospi,14720,13950,15000,13950,13950,21347885,1
2025-02-28 00:00:00+09:00,000100.KS,kospi,126100,121900,126700,120700,121900,1049439,1
2025-02-28 00:00:00+09:00,003490.KS,kospi,24050,23600,24150,23500,23600,1840528,1
2025-02-28 00:00:00+09:00,009150.KS,kospi,139000,135000,139800,134600,135000,571810,1
2025-02-28 00:00:00+09:00,005830.KS,kospi,92300,91400,93000,90800,91400,418765,1
2025-02-28 00:00:00+09:00,010950.KS,kospi,57300,56900,57500,56500,56900,235375,1
2025-02-28 00:00:00+09:00,006800.KS,kospi,8800,8740,8830,8620,8740,1198728,1
2025-02-28 00:00:00+09:00,010620.KS,kospi,105000,105000,107300,104100,105000,326814,1
2025-02-28 00:00:00+09:00,005940.KS,kospi,15240,14890,15260,14890,14890,1404885,1
2025-02-28 00:00:00+09:00,010120.KS,kospi,243000,240000,248500,233500,240000,611988,1
2025-02-28 00:00:00+09:00,016360.KS,kospi,46750,45600,46950,45400,45600,439887,1
2025-02-28 00:00:00+09:00,036460.KS,kospi,35050,34900,35650,34350,34900,603521,1
2025-02-28 00:00:00+09:00,003230.KS,kospi,870000,860000,881000,848000,860000,53378,1
2025-02-28 00:00:00+09:00,011790.KS,kospi,131300,130000,135200,129700,130000,480918,1
2025-02-28 00:00:00+09:00,175330.KS,kospi,17990,17240,18080,17240,17240,823812,1
2025-02-28 00:00:00+09:00,028050.KS,kospi,17580,16380,17600,16380,16380,18276555,1
2025-02-28 00:00:00+09:00,000150.KS,kospi,330000,322500,340000,319500,322500,285098,1
2025-02-28 00:00:00+09:00,000720.KS,kospi,34850,33500,34900,33500,33500,1098638,1
2025-02-28 00:00:00+09:00,004020.KS,kospi,26400,26650,26900,25950,26650,844057,1
2025-02-28 00:00:00+09:00,011170.KS,kospi,64900,62400,65600,62400,62400,1866326,1
2025-02-28 00:00:00+09:00,009830.KS,kospi,22150,21500,22550,21400,21500,3060313,1
2025-02-28 00:00:00+09:00,006260.KS,kospi,115800,112100,116500,112100,112100,220041,1
2025-02-28 00:00:00+09:00,011780.KS,kospi,115000,109700,117000,109700,109700,1514813,1
2025-02-28 00:00:00+09:00,001040.KS,kospi,106000,102900,108500,102900,102900,110771,1
2025-02-28 00:00:00+09:00,001450.KS,kospi,23950,23250,24000,23250,23250,699799,1
2025-02-28 00:00:00+09:00,012750.KS,kospi,60900,61000,61300,60300,61000,52842,1
2025-02-28 00:00:00+09:00,018880.KS,kospi,4585,4430,4665,4430,4430,2574619,1
2025-02-28 00:00:00+09:00,000880.KS,kospi,41400,40550,42600,40500,40550,592316,1
2025-02-28 00:00:00+09:00,012510.KS,kospi,70000,70500,72200,69500,70500,241925,1
2025-02-28 00:00:00+09:00,001440.KS,kospi,12360,12020,12390,12020,12020,1369681,1
2025-02-28 00:00:00+09:00,002380.KS,kospi,268000,259500,268500,259500,259500,44149,1
2025-02-28 00:00:00+09:00,004370.KS,kospi,349500,341000,349500,340500,341000,21926,1
2025-02-28 00:00:00+09:00,030000.KS,kospi,18130,17870,18180,17870,17870,240463,1
2025-02-28 00:00:00+09:00,017800.KS,kospi,56600,55000,57500,55000,55000,149287,1
2025-02-28 00:00:00+09:00,018670.KS,kospi,240000,235000,242000,235000,235000,9109,1
2025-02-28 00:00:00+09:00,009420.KS,kospi,36700,35300,36750,34950,35300,563659,1
2025-02-28 00:00:00+09:00,000120.KS,kospi,95600,93600,95600,92300,93600,75436,1
2025-02-28 00:00:00+09:00,001570.KS,kospi,22950,22500,24150,22000,22500,3504305,1
2025-02-28 00:00:00+09:00,002790.KS,kospi,21800,21200,22050,21200,21200,389062,1
2025-02-28 00:00:00+09:00,006280.KS,kospi,128900,125500,128900,125500,125500,53169,1
2025-02-28 00:00:00+09:00,006360.KS,kospi,18270,17570,18330,17560,17570,673017,1
2025-02-28 00:00:00+09:00,000240.KS,kospi,16200,15860,16240,15790,15860,215419,1
2025-02-28 00:00:00+09:00,007310.KS,kospi,393000,387000,393000,386000,387000,5494,1
2025-02-28 00:00:00+09:00,008770.KS,kospi,40850,39800,41250,39750,39800,144400,1
2025-02-28 00:00:00+09:00,000080.KS,kospi,19170,18950,19180,18950,18950,188187,1
2025-02-28 00:00:00+09:00,005850.KS,kospi,35850,34400,36150,34000,34400,284544,1
2025-02-28 00:00:00+09:00,000990.KS,kospi,46800,43200,46950,43200,43200,690559,1
2025-02-28 00:00:00+09:00,014820.KS,kospi,38200,36950,38300,36650,36950,29937,1
2025-02-28 00:00:00+09:00,006040.KS,kospi,35650,35100,35750,35000,35100,18652,1
2025-02-28 00:00:00+09:00,004170.KS,kospi,147000,142300,147300,142300,142300,33597,1
2025-02-28 00:00:00+09:00,003090.KS,kospi,20950,20100,20950,20100,20100,72005,1
2025-02-28 00:00:00+09:00,001720.KS,kospi,86200,86200,86200,85100,86200,8219,1
2025-02-28 00:00:00+09:00,010060.KS,kospi,81800,79600,82800,79600,79600,102359,1
2025-02-28 00:00:00+09:00,009450.KS,kospi,83500,83700,86800,82200,83700,84808,1
2025-02-28 00:00:00+09:00,009970.KS,kospi,91900,90900,91900,89400,90900,20249,1
2025-02-28 00:00:00+09:00,014680.KS,kospi,116000,109800,117000,109800,109800,109592,1
2025-02-28 00:00:00+09:00,005300.KS,kospi,106000,104900,106300,103900,104900,25288,1
2025-02-28 00:00:00+09:00,007340.KS,kospi,21450,21300,21800,21000,21300,89002,1
2025-02-28 00:00:00+09:00,001120.KS,kospi,26100,25700,26250,25500,25700,371681,1
2025-02-28 00:00:00+09:00,001800.KS,kospi,15100,14910,15160,14910,14910,193979,1
2025-02-28 00:00:00+09:00,004490.KS,kospi,74600,73000,75000,72400,73000,69349,1
2025-02-28 00:00:00+09:00,001740.KS,kospi,4400,4310,4420,4310,4310,417416,1
2025-02-28 00:00:00+09:00,002710.KS,kospi,30850,29200,30850,29150,29200,308537,1
2025-02-28 00:00:00+09:00,004000.KS,kospi,41450,40500,41500,40500,40500,59037,1
2025-02-28 00:00:00+09:00,002840.KS,kospi,182100,182000,184900,181800,182000,5086,1
2025-02-28 00:00:00+09:00,003540.KS,kospi,17130,16900,17130,16900,16900,44710,1
2025-02-28 00:00:00+09:00,003620.KS,kospi,4540,4460,4580,4380,4460,905477,1
2025-02-28 00:00:00+09:00,023590.KS,kospi,21000,20250,21250,20250,20250,101472,1
2025-02-28 00:00:00+09:00,000670.KS,kospi,425500,424000,433000,420000,424000,6110,1
2025-02-28 00:00:00+09:00,005440.KS,kospi,5500,5450,5530,5340,5450,253855,1
2025-02-28 00:00:00+09:00,001430.KS,kospi,19720,19700,19890,19510,19700,93392,1
2025-02-28 00:00:00+09:00,009410.KS,kospi,2560,2600,2610,2400,2600,91740,1
2025-02-28 00:00:00+09:00,004800.KS,kospi,47500,47100,47650,46450,47100,24021,1
2025-02-28 00:00:00+09:00,003530.KS,kospi,3485,3440,3490,3420,3440,1004381,1
2025-02-28 00:00:00+09:00,000210.KS,kospi,35000,33450,35000,33450,33450,55923,1
2025-02-28 00:00:00+09:00,012630.KS,kospi,13840,13800,13840,13500,13800,119143,1
2025-02-28 00:00:00+09:00,006120.KS,kospi,35950,35000,36150,35000,35000,27928,1
2025-02-28 00:00:00+09:00,005250.KS,kospi,14430,13900,14450,13900,13900,101126,1
2025-02-28 00:00:00+09:00,001680.KS,kospi,23500,23150,23750,23050,23150,149193,1
2025-02-28 00:00:00+09:00,005180.KS,kospi,95700,96500,97500,94500,96500,72345,1
2025-02-28 00:00:00+09:00,025540.KS,kospi,73400,72200,73400,71700,72200,39086,1
2025-02-28 00:00:00+09:00,003850.KS,kospi,10120,9990,10120,9990,9990,190508,1
2025-02-28 00:00:00+09:00,003240.KS,kospi,737000,717000,737000,717000,717000,986,1
2025-02-28 00:00:00+09:00,005420.KS,kospi,19950,19080,19980,19060,19080,231123,1
2025-02-28 00:00:00+09:00,016380.KS,kospi,6370,6140,6370,6140,6140,835014,1
2025-02-28 00:00:00+09:00,003570.KS,kospi,28750,28500,29500,28500,28500,112726,1
2025-02-28 00:00:00+09:00,010780.KS,kospi,18340,17000,18340,17000,17000,324387,1
2025-02-28 00:00:00+09:00,002350.KS,kospi,5450,5110,5450,5110,5110,951658,1
2025-02-27 00:00:00+09:00,006380.KS,kospi,3660,3660,3660,3660,3660,0,1
2025-02-28 00:00:00+09:00,019170.KS,kospi,8940,8500,9100,8500,8500,853133,1
2025-02-28 00:00:00+09:00,008730.KS,kospi,28900,28050,29050,27700,28050,124332,1
2025-02-28 00:00:00+09:00,005880.KS,kospi,1742,1686,1749,1686,1686,4752050,1
2025-02-28 00:00:00+09:00,006110.KS,kospi,32500,30450,33100,30450,30450,166816,1
2025-02-28 00:00:00+09:00,017960.KS,kospi,15150,15370,15650,15110,15370,536339,1
2025-02-28 00:00:00+09:00,006650.KS,kospi,94500,88800,94500,88800,88800,103848,1
2025-02-28 00:00:00+09:00,003470.KS,kospi,2655,2550,2665,2550,2550,1516235,1
2025-02-28 00:00:00+09:00,000370.KS,kospi,4020,3825,4070,3825,3825,1920410,1
2025-02-28 00:00:00+09:00,145990.KS,kospi,45350,44650,45350,44350,44650,14014,1
2025-02-28 00:00:00+09:00,007700.KS,kospi,12360,12210,12410,12190,12210,5062,1
2025-02-28 00:00:00+09:00,016800.KS,kospi,42400,43600,44500,42400,43600,1791,1
2025-02-28 00:00:00+09:00,003920.KS,kospi,76000,75800,76500,74700,75800,19598,1
2025-02-28 00:00:00+09:00,002960.KS,kospi,317000,316000,319000,314000,316000,2015,1
2025-02-28 00:00:00+09:00,003300.KS,kospi,14020,14090,14120,13960,14090,7658,1
2025-02-28 00:00:00+09:00,017810.KS,kospi,17550,17410,18150,17160,17410,397400,1
2025-02-28 00:00:00+09:00,003280.KS,kospi,1763,1718,1763,1718,1718,1598539,1
2025-02-28 00:00:00+09:00,005610.KS,kospi,50800,49750,50800,49400,49750,16192,1
2025-02-28 00:00:00+09:00,161000.KS,kospi,7470,7280,7540,7190,7280,163947,1
2025-02-28 00:00:00+09:00,000155.KS,kospi,145600,143300,149800,143200,143300,14331,1
2025-02-28 00:00:00+09:00,003960.KS,kospi,42200,40750,42200,40500,40750,35402,1
2025-02-28 00:00:00+09:00,029530.KS,kospi,38450,38300,38650,38200,38300,1736,1
2025-02-28 00:00:00+09:00,005389.KS,kospi,153500,150000,153500,149700,150000,21029,1
2025-02-28 00:00:00+09:00,005090.KS,kospi,23300,23050,23300,22900,23050,23214,1
2025-02-28 00:00:00+09:00,001340.KS,kospi,7490,7310,7600,7280,7310,207502,1
2025-02-28 00:00:00+09:00,004690.KS,kospi,92500,91000,92700,90900,91000,10236,1
2025-02-28 00:00:00+09:00,005810.KS,kospi,26950,26650,27350,26650,26650,28041,1
2025-02-28 00:00:00+09:00,020000.KS,kospi,16150,15990,16330,15660,15990,89183,1
2025-02-28 00:00:00+09:00,001940.KS,kospi,19190,19260,19290,18990,19260,8119,1
2025-02-28 00:00:00+09:00,004700.KS,kospi,53100,53300,53700,52600,53300,1240,1
2025-02-28 00:00:00+09:00,002310.KS,kospi,7060,6930,7060,6790,6930,436226,1
2025-02-28 00:00:00+09:00,026890.KS,kospi,8210,7880,8210,7690,7880,130958,1
2025-02-28 00:00:00+09:00,003160.KS,kospi,13470,13220,13630,13110,13220,710165,1
2025-02-28 00:00:00+09:00,025860.KS,kospi,6520,6430,6550,6420,6430,85963,1
2025-02-28 00:00:00+09:00,015360.KS,kospi,49900,49300,49900,49000,49300,9886,1
2025-02-28 00:00:00+09:00,009290.KS,kospi,5630,5620,5650,5520,5620,41605,1
2025-02-28 00:00:00+09:00,005390.KS,kospi,2175,2185,2225,2175,2185,67024,1
2025-02-28 00:00:00+09:00,005690.KS,kospi,10090,10100,10320,9610,10100,1215167,1
2025-02-28 00:00:00+09:00,000490.KS,kospi,12500,12100,13240,12080,12100,1663062,1
2025-02-28 00:00:00+09:00,012030.KS,kospi,1335,1305,1349,1298,1305,421374,1
2025-02-28 00:00:00+09:00,009680.KS,kospi,9190,9010,9240,8990,9010,40462,1
2025-02-28 00:00:00+09:00,033240.KS,kospi,13900,13470,13900,13470,13470,189620,1
2025-02-28 00:00:00+09:00,002320.KS,kospi,19600,19520,19600,19400,19520,49115,1
2025-02-28 00:00:00+09:00,001820.KS,kospi,28900,28550,29150,28500,28550,43416,1
2025-02-28 00:00:00+09:00,001390.KS,kospi,4010,3945,4010,3900,3945,172469,1
2025-02-28 00:00:00+09:00,006390.KS,kospi,14220,14180,14300,14060,14180,17974,1
2025-02-28 00:00:00+09:00,000520.KS,kospi,11950,12090,12260,11950,12090,170996,1
2025-02-28 00:00:00+09:00,001270.KS,kospi,26950,26850,27050,26850,26850,688,1
2025-02-28 00:00:00+09:00,035150.KS,kospi,15300,15300,15590,15110,15300,59799,1
2025-02-28 00:00:00+09:00,007690.KS,kospi,33600,32850,33600,32550,32850,13643,1
2025-02-28 00:00:00+09:00,001200.KS,kospi,2650,2590,2650,2575,2590,431954,1
2025-02-28 00:00:00+09:00,011760.KS,kospi,24850,24150,24900,23650,24150,160189,1
2025-02-28 00:00:00+09:00,001630.KS,kospi,44800,44500,45600,44200,44500,3897,1
2025-02-28 00:00:00+09:00,017390.KS,kospi,49800,49250,49800,49050,49250,3974,1
2025-02-28 00:00:00+09:00,006220.KS,kospi,8050,7930,8190,7910,7930,159431,1
2025-02-28 00:00:00+09:00,010690.KS,kospi,7860,7730,8000,7730,7730,197653,1
2025-02-28 00:00:00+09:00,001790.KS,kospi,2650,2615,2650,2615,2615,119315,1
2025-02-28 00:00:00+09:00,004430.KS,kospi,12240,11830,12240,11800,11830,54540,1
2025-02-28 00:00:00+09:00,001250.KS,kospi,2640,2575,2645,2570,2575,643438,1
2025-02-28 00:00:00+09:00,011930.KS,kospi,1280,1234,1284,1230,1234,944321,1
2025-02-28 00:00:00+09:00,009160.KS,kospi,3875,3850,3925,3835,3850,139201,1
2025-02-28 00:00:00+09:00,005720.KS,kospi,4575,4560,4660,4540,4560,31898,1
2025-02-28 00:00:00+09:00,001500.KS,kospi,6310,6110,6310,6100,6110,229513,1
2025-02-28 00:00:00+09:00,002810.KS,kospi,13410,13410,13490,13320,13410,13928,1
2025-02-28 00:00:00+09:00,001230.KS,kospi,7610,7520,7660,7470,7520,50859,1
2025-02-28 00:00:00+09:00,001510.KS,kospi,481,475,481,471,475,870542,1
2025-02-28 00:00:00+09:00,000680.KS,kospi,4360,4190,4400,4165,4190,1095909,1
2025-02-28 00:00:00+09:00,006060.KS,kospi,5140,5120,5240,5100,5120,155391,1
2025-02-28 00:00:00+09:00,016580.KS,kospi,11550,11480,11590,11480,11480,12154,1
2025-02-28 00:00:00+09:00,008060.KS,kospi,7080,7050,7130,7020,7050,87861,1
2025-02-28 00:00:00+09:00,004360.KS,kospi,12150,11930,12200,11870,11930,45244,1
2025-02-28 00:00:00+09:00,005010.KS,kospi,4440,4895,5150,4385,4895,12766913,1
2025-02-28 00:00:00+09:00,000140.KS,kospi,8810,8740,8850,8730,8740,13609,1
2025-02-28 00:00:00+09:00,016590.KS,kospi,6010,6010,6080,5990,6010,27710,1
2025-02-28 00:00:00+09:00,001130.KS,kospi,128400,127600,128400,127000,127600,1606,1
2025-02-28 00:00:00+09:00,016610.KS,kospi,5990,5880,6070,5870,5880,103109,1
2025-02-28 00:00:00+09:00,000540.KS,kospi,3330,3270,3335,3240,3270,63280,1
2025-02-28 00:00:00+09:00,007570.KS,kospi,11330,11010,11380,10980,11010,54728,1
2025-02-28 00:00:00+09:00,003350.KS,kospi,48850,49350,51200,48100,49350,212841,1
2025-02-28 00:00:00+09:00,003120.KS,kospi,15570,15370,15570,15370,15370,6047,1
2025-02-28 00:00:00+09:00,002900.KS,kospi,5220,5030,5420,5000,5030,882638,1
2025-02-28 00:00:00+09:00,005680.KS,kospi,10270,10000,10270,9890,10000,75663,1
2025-02-28 00:00:00+09:00,006340.KS,kospi,3175,3120,3225,3105,3120,1332627,1
2025-02-28 00:00:00+09:00,009470.KS,kospi,36300,35950,36950,35950,35950,110414,1
2025-02-28 00:00:00+09:00,003580.KS,kospi,4500,4375,4510,4365,4375,173532,1
2025-02-28 00:00:00+09:00,004980.KS,kospi,7570,7490,7570,7470,7490,47525,1
2025-02-28 00:00:00+09:00,001520.KS,kospi,655,642,655,639,642,512252,1
2025-02-28 00:00:00+09:00,007810.KS,kospi,11530,12260,12350,11350,12260,360611,1
2025-02-28 00:00:00+09:00,003070.KS,kospi,8970,9000,9130,8890,9000,47368,1
2025-02-28 00:00:00+09:00,018470.KS,kospi,1607,1596,1629,1590,1596,422429,1
2025-02-28 00:00:00+09:00,004380.KS,kospi,11600,11200,11780,11110,11200,306671,1
2025-02-28 00:00:00+09:00,000020.KS,kospi,6320,6210,6320,6140,6210,63444,1
2025-02-28 00:00:00+09:00,004090.KS,kospi,13250,12800,13260,12800,12800,123402,1
2025-02-28 00:00:00+09:00,015860.KS,kospi,3760,3705,3760,3645,3705,86970,1
2025-02-28 00:00:00+09:00,001460.KS,kospi,27450,27350,27550,27300,27350,616,1
2025-02-28 00:00:00+09:00,007160.KS,kospi,35650,35000,36050,34600,35000,17098,1
2025-02-28 00:00:00+09:00,004560.KS,kospi,13120,12650,13350,12600,12650,79938,1
2025-02-28 00:00:00+09:00,002100.KS,kospi,9160,9040,9190,8950,9040,20650,1
2025-02-28 00:00:00+09:00,002390.KS,kospi,11630,11450,11700,11410,11450,14949,1
2025-02-28 00:00:00+09:00,016450.KS,kospi,4005,3940,4010,3925,3940,57664,1
2025-02-28 00:00:00+09:00,000390.KS,kospi,6350,6280,6480,6220,6280,45862,1
2025-02-28 00:00:00+09:00,005430.KS,kospi,52500,50900,52600,50900,50900,5917,1
2025-02-28 00:00:00+09:00,003200.KS,kospi,8320,8070,8320,8070,8070,29842,1
2025-02-28 00:00:00+09:00,008350.KS,kospi,1408,1392,1416,1392,1392,516960,1
2025-02-28 00:00:00+09:00,000320.KS,kospi,14030,13910,14040,13730,13910,20359,1
2025-02-28 00:00:00+09:00,027970.KS,kospi,825,821,827,816,821,30276,1
2025-02-28 00:00:00+09:00,000050.KS,kospi,6290,6280,6340,6250,6280,1786,1
2025-02-28 00:00:00+09:00,000860.KS,kospi,24650,24600,24800,24300,24600,15176,1
2025-02-28 00:00:00+09:00,011330.KS,kospi,1347,1313,1363,1307,1313,155150,1
2025-02-28 00:00:00+09:00,004250.KS,kospi,4085,4025,4155,4025,4025,33955,1
2025-02-28 00:00:00+09:00,012320.KS,kospi,72500,72000,73600,71600,72000,6173,1
2025-02-28 00:00:00+09:00,009580.KS,kospi,2745,2705,2755,2705,2705,72795,1
2025-02-28 00:00:00+09:00,007860.KS,kospi,7150,6940,7190,6930,6940,72645,1
2025-02-28 00:00:00+09:00,030210.KS,kospi,2670,2650,2675,2620,2650,67396,1
2025-02-28 00:00:00+09:00,010955.KS,kospi,38050,37500,38150,37150,37500,12189,1
2025-02-28 00:00:00+09:00,003650.KS,kospi,90200,89400,90700,89100,89400,683,1
2025-02-28 00:00:00+09:00,008490.KS,kospi,16260,15710,16510,15610,15710,33050,1
2025-02-27 00:00:00+09:00,008110.KS,kospi,15040,15040,15040,15040,15040,0,1
2025-02-27 00:00:00+09:00,000300.KS,kospi,130252.8672,130252.8672,130252.8672,130252.8672,130252.8672,0,1
2025-02-28 00:00:00+09:00,001020.KS,kospi,760,766,779,749,766,23921,1
2025-02-28 00:00:00+09:00,015890.KS,kospi,4890,4850,4925,4835,4850,69853,1
2025-02-28 00:00:00+09:00,010820.KS,kospi,3310,3305,3355,3265,3305,318370,1
2025-02-28 00:00:00+09:00,006490.KS,kospi,1831,1900,2110,1815,1900,4657139,1
2025-02-28 00:00:00+09:00,003610.KS,kospi,4085,4010,4085,3970,4010,259952,1
2025-02-28 00:00:00+09:00,003830.KS,kospi,108100,105600,108100,103300,105600,212,1
2025-02-28 00:00:00+09:00,001750.KS,kospi,12430,12280,12490,12260,12280,20797,1
2025-02-28 00:00:00+09:00,002170.KS,kospi,47600,47100,47650,47050,47100,4840,1
2025-02-28 00:00:00+09:00,005950.KS,kospi,6920,6700,6940,6640,6700,99734,1
2025-02-28 00:00:00+09:00,011810.KS,kospi,4365,4200,4400,4170,4200,117063,1
2025-02-28 00:00:00+09:00,004970.KS,kospi,8650,8480,8650,8400,8480,38663,1
2025-02-28 00:00:00+09:00,020120.KS,kospi,3510,3735,4195,3505,3735,5913362,1
2025-02-28 00:00:00+09:00,001360.KS,kospi,1604,1589,1619,1571,1589,184297,1
2025-02-28 00:00:00+09:00,015230.KS,kospi,5210,5080,5240,5060,5080,74472,1
2025-02-28 00:00:00+09:00,000970.KS,kospi,6160,6110,6220,6100,6110,18289,1
2025-02-28 00:00:00+09:00,003060.KS,kospi,739,734,749,725,734,483563,1
2025-02-28 00:00:00+09:00,011280.KS,kospi,2290,2380,2780,2250,2380,20083479,1
2025-02-28 00:00:00+09:00,008040.KS,kospi,1007,998,1007,989,998,379309,1
2025-02-28 00:00:00+09:00,002620.KS,kospi,7350,7250,7380,7250,7250,4322,1
2025-02-28 00:00:00+09:00,007110.KS,kospi,2145,2100,2205,2050,2100,2162502,1
2025-02-28 00:00:00+09:00,025820.KS,kospi,4450,4570,4595,4420,4570,553768,1
2025-02-28 00:00:00+09:00,004080.KS,kospi,14410,14430,14500,14400,14430,1652,1
2025-02-28 00:00:00+09:00,001080.KS,kospi,24600,24700,24950,24000,24700,961,1
2025-02-28 00:00:00+09:00,000700.KS,kospi,5400,5420,5460,5380,5420,18477,1
2025-02-28 00:00:00+09:00,014280.KS,kospi,4080,4020,4115,4015,4020,49601,1
2025-02-28 00:00:00+09:00,024090.KS,kospi,11650,11570,11650,11530,11570,1860,1
2025-02-28 00:00:00+09:00,001045.KS,kospi,61100,60000,61300,59600,60000,4580,1
2025-02-28 00:00:00+09:00,009270.KS,kospi,1384,1363,1397,1350,1363,514782,1
2025-02-28 00:00:00+09:00,004710.KS,kospi,4210,4160,4240,4125,4160,41731,1
2025-02-28 00:00:00+09:00,009070.KS,kospi,3915,3845,3915,3815,3845,95717,1
2025-02-28 00:00:00+09:00,007210.KS,kospi,2150,2155,2170,2110,2155,194954,1
2025-02-28 00:00:00+09:00,010580.KS,kospi,1192,1161,1192,1153,1161,47715,1
2025-02-28 00:00:00+09:00,014530.KS,kospi,3485,3415,3485,3405,3415,87923,1
2025-02-28 00:00:00+09:00,014580.KS,kospi,4665,4650,4725,4600,4650,132808,1
2025-02-28 00:00:00+09:00,003720.KS,kospi,4465,4430,4540,4415,4430,293348,1
2025-02-28 00:00:00+09:00,063160.KS,kospi,20800,20400,20800,20300,20400,22374,1
2025-02-27 00:00:00+09:00,015590.KS,kospi,515,515,515,515,515,0,1
2025-02-28 00:00:00+09:00,001380.KS,kospi,3090,2910,3140,2885,2910,2236661,1
2025-02-28 00:00:00+09:00,007540.KS,kospi,41150,41000,41500,40000,41000,1999,1
2025-02-28 00:00:00+09:00,012610.KS,kospi,2920,2880,2945,2875,2880,66616,1
2025-02-28 00:00:00+09:00,013580.KS,kospi,13470,13300,13490,13070,13300,16042,1
2025-02-28 00:00:00+09:00,017550.KS,kospi,2065,2045,2085,2025,2045,124030,1
2025-02-28 00:00:00+09:00,016710.KS,kospi,6990,7020,7100,6990,7020,26688,1
2025-02-28 00:00:00+09:00,012800.KS,kospi,1326,1302,1334,1290,1302,543666,1
2025-02-27 00:00:00+09:00,012600.KS,kospi,2490,2490,2490,2490,2490,0,1
2025-02-28 00:00:00+09:00,002780.KS,kospi,824,811,824,811,811,267509,1
2025-02-28 00:00:00+09:00,013570.KS,kospi,4045,3955,4045,3915,3955,57055,1
2025-02-28 00:00:00+09:00,002210.KS,kospi,3885,3885,3900,3800,3885,58168,1
2025-02-28 00:00:00+09:00,011700.KS,kospi,3260,3125,3260,3090,3125,215486,1
2025-02-28 00:00:00+09:00,003480.KS,kospi,3510,3490,3515,3475,3490,14423,1
2025-02-28 00:00:00+09:00,002200.KS,kospi,2725,2735,2755,2700,2735,106843,1
2025-02-28 00:00:00+09:00,005870.KS,kospi,7960,7750,7970,7740,7750,215079,1
2025-02-28 00:00:00+09:00,008260.KS,kospi,3440,3380,3475,3370,3380,114176,1
2025-02-28 00:00:00+09:00,002990.KS,kospi,2675,2640,2755,2620,2640,84341,1
2025-02-28 00:00:00+09:00,011150.KS,kospi,3140,3105,3150,3090,3105,267016,1
2025-02-28 00:00:00+09:00,035000.KS,kospi,7250,7170,7250,7090,7170,19428,1
2025-02-28 00:00:00+09:00,014160.KS,kospi,1561,1501,1626,1494,1501,4907231,1
2025-02-28 00:00:00+09:00,002600.KS,kospi,165000,164600,165000,164100,164600,6,1
2025-02-28 00:00:00+09:00,002700.KS,kospi,1496,1494,1505,1485,1494,230991,1
2025-02-28 00:00:00+09:00,004100.KS,kospi,3105,3105,3210,3075,3105,682024,1
2025-02-28 00:00:00+09:00,017900.KS,kospi,1897,1870,1897,1845,1870,33586,1
2025-02-28 00:00:00+09:00,002450.KS,kospi,1204,1178,1217,1178,1178,261270,1
2025-02-28 00:00:00+09:00,010100.KS,kospi,4800,4700,4835,4640,4700,637340,1
2025-02-28 00:00:00+09:00,012690.KS,kospi,2970,2945,2975,2915,2945,184743,1
2025-02-28 00:00:00+09:00,004150.KS,kospi,2490,2495,2530,2450,2495,50096,1
2025-02-28 00:00:00+09:00,004830.KS,kospi,7950,7950,8090,7860,7950,278132,1
2025-02-28 00:00:00+09:00,024900.KS,kospi,2820,2765,2855,2700,2765,82100,1
2025-02-28 00:00:00+09:00,016090.KS,kospi,2265,2265,2270,2235,2265,60842,1
2025-02-28 00:00:00+09:00,019490.KS,kospi,672,630,672,609,630,2822789,1
2025-02-28 00:00:00+09:00,002460.KS,kospi,9330,9330,9330,9240,9330,1727,1
2025-02-28 00:00:00+09:00,023800.KS,kospi,6050,5900,6090,5810,5900,67078,1
2025-02-28 00:00:00+09:00,005960.KS,kospi,3550,3465,3550,3460,3465,25917,1
2025-02-28 00:00:00+09:00,014790.KS,kospi,2300,2260,2320,2250,2260,27038,1
2025-02-28 00:00:00+09:00,000180.KS,kospi,1344,1302,1345,1297,1302,36129,1
2025-02-28 00:00:00+09:00,008700.KS,kospi,1581,1571,1594,1556,1571,851710,1
2025-02-28 00:00:00+09:00,004840.KS,kospi,4410,4210,4415,4205,4210,29122,1
2025-02-28 00:00:00+09:00,036580.KS,kospi,2210,2175,2210,2145,2175,23623,1
2025-02-28 00:00:00+09:00,007280.KS,kospi,1653,1672,1674,1621,1672,79763,1
2025-02-28 00:00:00+09:00,004720.KS,kospi,4395,4380,4460,4335,4380,27750,1
2025-02-28 00:00:00+09:00,007590.KS,kospi,6100,6090,6100,6070,6090,6946,1
2025-02-28 00:00:00+09:00,005740.KS,kospi,5410,5350,5470,5350,5350,16093,1
2025-02-28 00:00:00+09:00,011690.KS,kospi,2225,2340,2400,2215,2340,534990,1
2025-02-28 00:00:00+09:00,009200.KS,kospi,2155,2150,2195,2120,2150,185721,1
2025-02-28 00:00:00+09:00,013520.KS,kospi,1628,1617,1628,1600,1617,116048,1
2025-02-28 00:00:00+09:00,013360.KS,kospi,3270,3370,3455,3230,3370,1016624,1
2025-02-28 00:00:00+09:00,000157.KS,kospi,131700,125400,131700,125000,125400,2030,1
2025-02-28 00:00:00+09:00,000910.KS,kospi,6130,5920,6350,5750,5920,11119808,1
2025-02-28 00:00:00+09:00,002410.KS,kospi,3000,2965,3155,2915,2965,1692242,1
2025-02-28 00:00:00+09:00,005800.KS,kospi,10230,10010,10230,10010,10010,13632,1
2025-02-28 00:00:00+09:00,004960.KS,kospi,6500,6420,6510,6270,6420,43787,1
2025-02-28 00:00:00+09:00,001260.KS,kospi,8320,8180,8320,8160,8180,15031,1
2025-02-28 00:00:00+09:00,000590.KS,kospi,73000,73100,73200,72500,73100,906,1
2025-02-28 00:00:00+09:00,006090.KS,kospi,8730,8530,8810,8520,8530,11400,1
2025-02-28 00:00:00+09:00,000230.KS,kospi,6560,6420,6560,6210,6420,16571,1
2025-02-28 00:00:00+09:00,003780.KS,kospi,9380,9440,9630,9280,9440,156456,1
2025-02-28 00:00:00+09:00,013700.KS,kospi,1259,1256,1272,1224,1256,179776,1
2025-02-28 00:00:00+09:00,004870.KS,kospi,760,712,768,703,712,6830806,1
2025-02-28 00:00:00+09:00,004910.KS,kospi,5930,5780,5990,5780,5780,44411,1
2025-02-28 00:00:00+09:00,006660.KS,kospi,18170,18200,18900,17310,18200,1867503,1
2025-02-28 00:00:00+09:00,000220.KS,kospi,4730,4725,4740,4550,4725,60884,1
2025-02-28 00:00:00+09:00,004540.KS,kospi,2365,2350,2395,2300,2350,104930,1
2025-02-28 00:00:00+09:00,021820.KS,kospi,8070,7800,8080,7790,7800,17647,1
2025-02-28 00:00:00+09:00,002140.KS,kospi,2905,2835,2915,2835,2835,214607,1
2025-02-28 00:00:00+09:00,014990.KS,kospi,797,783,803,771,783,203229,1
2025-02-28 00:00:00+09:00,007980.KS,kospi,1422,1382,1422,1378,1382,251199,1
2025-02-28 00:00:00+09:00,014440.KS,kospi,4535,4585,4745,4440,4585,138881,1
2025-02-28 00:00:00+09:00,004060.KS,kospi,326,316,329,316,316,918900,1
2025-02-28 00:00:00+09:00,011390.KS,kospi,76000,74900,77000,74400,74900,8824,1
2025-02-28 00:00:00+09:00,017040.KS,kospi,1539,1477,1539,1471,1477,156495,1
2025-02-28 00:00:00+09:00,002760.KS,kospi,1071,1047,1074,1045,1047,417648,1
2025-02-28 00:00:00+09:00,004450.KS,kospi,31000,31100,31400,30750,31100,1374,1
2025-02-28 00:00:00+09:00,006370.KS,kospi,9980,9650,10190,9400,9650,84968,1
2025-02-28 00:00:00+09:00,004920.KS,kospi,1070,1055,1081,1040,1055,36747,1
2025-02-28 00:00:00+09:00,031820.KS,kospi,626,603,626,595,603,2765277,1
2025-02-27 00:00:00+09:00,003560.KS,kospi,10750.7002,10750.7002,10750.7002,10750.7002,10750.7002,0,1
2025-02-28 00:00:00+09:00,005750.KS,kospi,4065,3965,4065,3945,3965,16748,1
2025-02-28 00:00:00+09:00,009190.KS,kospi,1385,1377,1415,1360,1377,100297,1
2025-02-28 00:00:00+09:00,003010.KS,kospi,5380,5210,5380,5200,5210,84287,1
2025-02-28 00:00:00+09:00,000890.KS,kospi,451,451,461,446,451,711222,1
2025-02-28 00:00:00+09:00,009180.KS,kospi,2265,2280,2285,2255,2280,97977,1
2025-02-28 00:00:00+09:00,002360.KS,kospi,493,475,493,469,475,862856,1
2025-02-28 00:00:00+09:00,002795.KS,kospi,9240,9060,9240,9020,9060,15628,1
2025-02-28 00:00:00+09:00,010660.KS,kospi,3155,3100,3160,3085,3100,136386,1
2025-02-28 00:00:00+09:00,000850.KS,kospi,29750,29000,29750,28800,29000,9122,1
2025-02-28 00:00:00+09:00,011420.KS,kospi,2065,2075,2130,2055,2075,789979,1
2025-02-28 00:00:00+09:00,004410.KS,kospi,146,145,146,144,145,470267,1
2025-02-28 00:00:00+09:00,006740.KS,kospi,1023,1011,1033,1011,1011,123955,1
2025-02-28 00:00:00+09:00,002630.KS,kospi,1662,1689,1750,1630,1689,8302114,1
2025-02-28 00:00:00+09:00,001620.KS,kospi,501,498,508,485,498,100492,1
2025-02-28 00:00:00+09:00,019180.KS,kospi,3045,3010,3055,3005,3010,93096,1
2025-02-28 00:00:00+09:00,002220.KS,kospi,1965,1968,1968,1926,1968,5099,1
2025-02-28 00:00:00+09:00,021050.KS,kospi,1293,1260,1293,1246,1260,380471,1
2025-02-28 00:00:00+09:00,002880.KS,kospi,1029,1001,1029,974,1001,30268,1
2025-02-28 00:00:00+09:00,001550.KS,kospi,10980,10560,10980,10550,10560,20239,1
2025-02-28 00:00:00+09:00,009810.KS,kospi,349,321,349,308,321,1536944,1
2025-02-27 00:00:00+09:00,007610.KS,kospi,2975,2975,2975,2975,2975,0,1
2025-02-28 00:00:00+09:00,008250.KS,kospi,5310,5170,5310,5010,5170,124146,1
2025-02-28 00:00:00+09:00,018500.KS,kospi,1973,2005,2070,1955,2005,1690814,1
2025-02-28 00:00:00+09:00,023960.KS,kospi,1323,1305,1338,1292,1305,108814,1
2025-02-28 00:00:00+09:00,008870.KS,kospi,58500,58200,59900,58000,58200,1626,1
2025-02-28 00:00:00+09:00,000650.KS,kospi,39100,37700,39350,37700,37700,650,1
2025-02-28 00:00:00+09:00,008420.KS,kospi,2435,2490,2570,2410,2490,431298,1
2025-02-28 00:00:00+09:00,025530.KS,kospi,3095,3040,3095,3035,3040,17322,1
2025-02-28 00:00:00+09:00,003080.KS,kospi,2470,2460,2470,2440,2460,7203,1
2025-02-28 00:00:00+09:00,011230.KS,kospi,3560,3405,3615,3405,3405,213718,1
2025-02-28 00:00:00+09:00,006980.KS,kospi,15000,14880,15000,14810,14880,565,1
2025-02-28 00:00:00+09:00,002920.KS,kospi,1875,1852,1875,1850,1852,31860,1
2025-02-28 00:00:00+09:00,001290.KS,kospi,422,416,423,414,416,54795,1
2025-02-28 00:00:00+09:00,024890.KS,kospi,973,967,997,963,967,73274,1
2025-02-28 00:00:00+09:00,002870.KS,kospi,1162,1168,1214,1151,1168,71733,1
2025-02-28 00:00:00+09:00,004270.KS,kospi,1231,1248,1291,1219,1248,863725,1
2025-02-28 00:00:00+09:00,033250.KS,kospi,1277,1258,1277,1240,1258,396836,1
2025-02-28 00:00:00+09:00,006570.KS,kospi,2430,2435,2465,2430,2435,513,1
2025-02-28 00:00:00+09:00,011300.KS,kospi,610,563,611,540,563,1973093,1
2025-02-28 00:00:00+09:00,009460.KS,kospi,714,714,716,705,714,117685,1
2025-02-28 00:00:00+09:00,012280.KS,kospi,835,831,844,823,831,56733,1
2025-02-28 00:00:00+09:00,014130.KS,kospi,3505,3425,3525,3405,3425,17359,1
2025-02-27 00:00:00+09:00,012170.KS,kospi,2300,2300,2300,2300,2300,0,1
2025-02-28 00:00:00+09:00,012200.KS,kospi,1600,1535,1600,1528,1535,131561,1
2025-02-27 00:00:00+09:00,005030.KS,kospi,486,486,486,486,486,0,1
2025-02-28 00:00:00+09:00,023150.KS,kospi,5060,5020,5120,5000,5020,5855,1
2025-02-28 00:00:00+09:00,010770.KS,kospi,7040,7510,8450,7010,7510,5814564,1
2025-02-28 00:00:00+09:00,001210.KS,kospi,749,710,756,710,710,442825,1
2025-02-28 00:00:00+09:00,013000.KS,kospi,1340,1334,1359,1313,1334,75162,1
2025-02-27 00:00:00+09:00,001140.KS,kospi,2110,2110,2110,2110,2110,0,1
2025-02-28 00:00:00+09:00,006200.KS,kospi,743,740,743,732,740,12067,1
2025-02-28 00:00:00+09:00,002820.KS,kospi,2770,2790,2845,2730,2790,30116,1
2025-02-28 00:00:00+09:00,009140.KS,kospi,19130,18760,19130,17930,18760,4706,1
2025-02-28 00:00:00+09:00,005820.KS,kospi,13890,13770,13900,13760,13770,677,1
2025-02-28 00:00:00+09:00,015260.KS,kospi,510,504,517,501,504,31433,1
2025-02-28 00:00:00+09:00,024070.KS,kospi,1869,1872,1890,1869,1872,2907,1
2025-02-28 00:00:00+09:00,000950.KS,kospi,19100,18920,19370,18840,18920,3029,1
2025-02-28 00:00:00+09:00,002420.KS,kospi,5180,5060,5230,5050,5060,3898,1
2025-02-28 00:00:00+09:00,003680.KS,kospi,4920,4765,4965,4755,4765,35600,1
2025-02-28 00:00:00+09:00,007120.KS,kospi,830,829,842,820,829,58340,1
2025-02-28 00:00:00+09:00,025560.KS,kospi,801,789,810,788,789,580917,1
2025-02-28 00:00:00+09:00,005320.KS,kospi,487,471,487,440,471,293642,1
2025-02-28 00:00:00+09:00,000760.KS,kospi,10970,10230,10970,10200,10230,5945,1
2025-02-28 00:00:00+09:00,001070.KS,kospi,5380,5320,5450,5300,5320,8686,1
2025-02-28 00:00:00+09:00,004365.KS,kospi,8050,7770,8050,7710,7770,6770,1
2025-02-28 00:00:00+09:00,001420.KS,kospi,3720,3605,3750,3605,3605,1756,1
2025-02-28 00:00:00+09:00,011090.KS,kospi,526,529,535,521,529,139919,1
2025-02-28 00:00:00+09:00,015020.KS,kospi,1658,1705,1762,1655,1705,1779609,1
2025-02-28 00:00:00+09:00,000040.KS,kospi,421,408,421,408,408,178289,1
2025-02-28 00:00:00+09:00,010420.KS,kospi,1202,1168,1203,1168,1168,39285,1
2025-02-28 00:00:00+09:00,008600.KS,kospi,712,739,745,710,739,322545,1
2025-02-28 00:00:00+09:00,014910.KS,kospi,1159,1165,1187,1150,1165,23429,1
2025-02-28 00:00:00+09:00,030720.KS,kospi,5050,4970,5050,4960,4970,5430,1
2025-02-28 00:00:00+09:00,002070.KS,kospi,846,820,846,819,820,71349,1
2025-02-27 00:00:00+09:00,005110.KS,kospi,1254,1254,1254,1254,1254,0,1
2025-02-28 00:00:00+09:00,009440.KS,kospi,881,825,881,824,825,183602,1
2025-02-28 00:00:00+09:00,025620.KS,kospi,3940,3890,3955,3885,3890,2861,1
2025-02-28 00:00:00+09:00,005257.KS,kospi,23000,23000,23000,23000,23000,48,1
2025-02-28 00:00:00+09:00,001770.KS,kospi,14500,14950,15000,14210,14950,3846,1
2025-02-28 00:00:00+09:00,008500.KS,kospi,10820,10890,11250,10710,10890,1821,1
2025-02-28 00:00:00+09:00,006345.KS,kospi,4200,4095,4250,4040,4095,31969,1
2025-02-28 00:00:00+09:00,000325.KS,kospi,29400,28300,29400,28300,28300,187,1
2025-02-28 00:00:00+09:00,001527.KS,kospi,8480,8210,8480,8210,8210,576,1