[{"date": "2025-01-20", "ticker": "AAPL", "open": 372.57, "close": 358.32, "high": 398.7, "low": 330.08, "adjclose": 360.85, "volume": 5763737, "zadjcp": -0.0315, "market": "NASDAQ"}, {"date": "2025-01-20", "ticker": "MSFT", "open": 1857.93, "close": 1921.67, "high": 2077.29, "low": 1842.66, "adjclose": 1894.86, "volume": 4667289, "zadjcp": 0.0199, "market": "NASDAQ"}, {"date": "2025-01-20", "ticker": "AMZN", "open": 259.94, "close": 269.59, "high": 292.3, "low": 235.55, "adjclose": 273.41, "volume": 8798827, "zadjcp": 0.0518, "market": "NASDAQ"}, {"date": "2025-01-20", "ticker": "NVDA", "open": 1155.14, "close": 1195.9, "high": 1233.82, "low": 1116.95, "adjclose": 1190.42, "volume": 6119611, "zadjcp": 0.0305, "market": "NASDAQ"}, {"date": "2025-01-20", "ticker": "META", "open": 1141.28, "close": 1159.81, "high": 1245.97, "low": 1077.4, "adjclose": 1138.84, "volume": 9548081, "zadjcp": -0.0021, "market": "NASDAQ"}, {"date": "2025-01-20", "ticker": "TSLA", "open": 1695.43, "close": 1620.64, "high": 1731.48, "low": 1609.9, "adjclose": 1591.38, "volume": 9849886, "zadjcp": -0.0614, "market": "NASDAQ"}, {"date": "2025-01-20", "ticker": "AVGO", "open": 994.02, "close": 952.52, "high": 1061.83, "low": 922.26, "adjclose": 966.85, "volume": 7175671, "zadjcp": -0.0273, "market": "NASDAQ"}, {"date": "2025-01-20", "ticker": "GOOGL", "open": 260.75, "close": 249.74, "high": 262.62, "low": 233.13, "adjclose": 248.58, "volume": 5335905, "zadjcp": -0.0467, "market": "NASDAQ"}, {"date": "2025-01-20", "ticker": "GOOG", "open": 985.29, "close": 1031.72, "high": 1056.59, "low": 940.47, "adjclose": 1014.44, "volume": 8197286, "zadjcp": 0.0296, "market": "NASDAQ"}, {"date": "2025-01-20", "ticker": "PEP", "open": 311.97, "close": 326.17, "high": 349.6, "low": 311.35, "adjclose": 329.07, "volume": 6912123, "zadjcp": 0.0548, "market": "NASDAQ"}, {"date": "2025-01-20", "ticker": "COST", "open": 499.39, "close": 491.36, "high": 537.18, "low": 459.06, "adjclose": 497.09, "volume": 2576899, "zadjcp": -0.0046, "market": "NASDAQ"}, {"date": "2025-01-20", "ticker": "ADBE", "open": 191.67, "close": 193.48, "high": 205.15, "low": 181.02, "adjclose": 195.72, "volume": 8117777, "zadjcp": 0.0211, "market": "NASDAQ"}, {"date": "2025-01-20", "ticker": "CSCO", "open": 836.34, "close": 848.95, "high": 879.5, "low": 790.34, "adjclose": 862.36, "volume": 8474063, "zadjcp": 0.0311, "market": "NASDAQ"}, {"date": "2025-01-20", "ticker": "NFLX", "open": 1467.66, "close": 1474.96, "high": 1535.75, "low": 1378.91, "adjclose": 1447.64, "volume": 7514896, "zadjcp": -0.0136, "market": "NASDAQ"}, {"date": "2025-01-20", "ticker": "CMCSA", "open": 1837.25, "close": 1795.04, "high": 1845.37, "low": 1620.78, "adjclose": 1783.07, "volume": 1157734, "zadjcp": -0.0295, "market": "NASDAQ"}, {"date": "2025-01-20", "ticker": "AMD", "open": 1512.38, "close": 1487.79, "high": 1527.2, "low": 1432.41, "adjclose": 1477.96, "volume": 2746672, "zadjcp": -0.0228, "market": "NASDAQ"}, {"date": "2025-01-20", "ticker": "TMUS", "open": 1092.14, "close": 1051.36, "high": 1162.98, "low": 950.45, "adjclose": 1031.33, "volume": 5817191, "zadjcp": -0.0557, "market": "NASDAQ"}, {"date": "2025-01-20", "ticker": "TXN", "open": 333.87, "close": 347.03, "high": 377.26, "low": 310.87, "adjclose": 348.78, "volume": 8487617, "zadjcp": 0.0447, "market": "NASDAQ"}, {"date": "2025-01-20", "ticker": "INTC", "open": 347.19, "close": 355.34, "high": 378.1, "low": 317.71, "adjclose": 348.27, "volume": 5994060, "zadjcp": 0.0031, "market": "NASDAQ"}, {"date": "2025-01-20", "ticker": "INTU", "open": 1071.94, "close": 1123.95, "high": 1160.98, "low": 1065.24, "adjclose": 1133.04, "volume": 6894694, "zadjcp": 0.057, "market": "NASDAQ"}, {"date": "2025-01-20", "ticker": "QCOM", "open": 653.44, "close": 629.55, "high": 693.23, "low": 571.95, "adjclose": 619.76, "volume": 7521220, "zadjcp": -0.0515, "market": "NASDAQ"}, {"date": "2025-01-20", "ticker": "AMGN", "open": 999.43, "close": 953.38, "high": 1059.07, "low": 925.41, "adjclose": 970.23, "volume": 9926577, "zadjcp": -0.0292, "market": "NASDAQ"}, {"date": "2025-01-20", "ticker": "HON", "open": 1488.1, "close": 1531.13, "high": 1669.02, "low": 1487.06, "adjclose": 1541.69, "volume": 3476945, "zadjcp": 0.036, "market": "NASDAQ"}, {"date": "2025-01-20", "ticker": "AMAT", "open": 1355.84, "close": 1372.2, "high": 1403.89, "low": 1331.31, "adjclose": 1359.75, "volume": 8986093, "zadjcp": 0.0029, "market": "NASDAQ"}, {"date": "2025-01-20", "ticker": "SBUX", "open": 143.12, "close": 145.21, "high": 150.88, "low": 135.84, "adjclose": 146.19, "volume": 5515950, "zadjcp": 0.0215, "market": "NASDAQ"}, {"date": "2025-01-20", "ticker": "BKNG", "open": 1137.55, "close": 1157.6, "high": 1179.47, "low": 1080.79, "adjclose": 1173.29, "volume": 6591695, "zadjcp": 0.0314, "market": "NASDAQ"}, {"date": "2025-01-20", "ticker": "ISRG", "open": 1166.45, "close": 1189.67, "high": 1275.09, "low": 1102.68, "adjclose": 1204.37, "volume": 1508305, "zadjcp": 0.0325, "market": "NASDAQ"}, {"date": "2025-01-20", "ticker": "ADP", "open": 1678.86, "close": 1717.37, "high": 1831.21, "low": 1543.62, "adjclose": 1710.02, "volume": 1741739, "zadjcp": 0.0186, "market": "NASDAQ"}, {"date": "2025-01-20", "ticker": "MDLZ", "open": 599.04, "close": 569.83, "high": 643.11, "low": 514.5, "adjclose": 574.52, "volume": 5240343, "zadjcp": -0.0409, "market": "NASDAQ"}, {"date": "2025-01-20", "ticker": "GILD", "open": 1919.17, "close": 1907.88, "high": 2100.93, "low": 1855.61, "adjclose": 1870.06, "volume": 7204917, "zadjcp": -0.0256, "market": "NASDAQ"}, {"date": "2025-01-20", "ticker": "ADI", "open": 1403.49, "close": 1350.91, "high": 1429.93, "low": 1326.71, "adjclose": 1373.83, "volume": 1778956, "zadjcp": -0.0211, "market": "NASDAQ"}, {"date": "2025-01-20", "ticker": "LRCX", "open": 1373.27, "close": 1330.75, "high": 1446.06, "low": 1275.73, "adjclose": 1351.89, "volume": 4290671, "zadjcp": -0.0156, "market": "NASDAQ"}, {"date": "2025-01-20", "ticker": "VRTX", "open": 953.94, "close": 987.39, "high": 1078.75, "low": 887.73, "adjclose": 989.44, "volume": 7971632, "zadjcp": 0.0372, "market": "NASDAQ"}, {"date": "2025-01-20", "ticker": "REGN", "open": 100.25, "close": 102.36, "high": 107.35, "low": 95.53, "adjclose": 100.38, "volume": 5337706, "zadjcp": 0.0013, "market": "NASDAQ"}, {"date": "2025-01-20", "ticker": "MU", "open": 852.1, "close": 851.31, "high": 857.02, "low": 788.47, "adjclose": 868.19, "volume": 2462432, "zadjcp": 0.0189, "market": "NASDAQ"}, {"date": "2025-01-20", "ticker": "PYPL", "open": 294.31, "close": 295.04, "high": 312.07, "low": 276.04, "adjclose": 292.84, "volume": 9033979, "zadjcp": -0.005, "market": "NASDAQ"}, {"date": "2025-01-20", "ticker": "KLAC", "open": 366.61, "close": 350.65, "high": 395.39, "low": 325.73, "adjclose": 355.29, "volume": 7695779, "zadjcp": -0.0309, "market": "NASDAQ"}, {"date": "2025-01-20", "ticker": "SNPS", "open": 440.36, "close": 432.89, "high": 451.18, "low": 429.8, "adjclose": 438.31, "volume": 3331326, "zadjcp": -0.0047, "market": "NASDAQ"}, {"date": "2025-01-20", "ticker": "PANW", "open": 1339.32, "close": 1307.57, "high": 1434.93, "low": 1199.75, "adjclose": 1282.39, "volume": 3522861, "zadjcp": -0.0425, "market": "NASDAQ"}, {"date": "2025-01-20", "ticker": "MELI", "open": 1098.94, "close": 1110.53, "high": 1123.51, "low": 1086.47, "adjclose": 1099.74, "volume": 5842879, "zadjcp": 0.0007, "market": "NASDAQ"}, {"date": "2025-01-20", "ticker": "CSX", "open": 536.08, "close": 523.3, "high": 579.22, "low": 507.17, "adjclose": 524.21, "volume": 3439926, "zadjcp": -0.0221, "market": "NASDAQ"}, {"date": "2025-01-20", "ticker": "CHTR", "open": 1838.23, "close": 1813.69, "high": 1996.5, "low": 1754.06, "adjclose": 1846.54, "volume": 3164179, "zadjcp": 0.0045, "market": "NASDAQ"}, {"date": "2025-01-20", "ticker": "CDNS", "open": 945.06, "close": 913.91, "high": 982.64, "low": 829.01, "adjclose": 912.55, "volume": 1986475, "zadjcp": -0.0344, "market": "NASDAQ"}, {"date": "2025-01-20", "ticker": "MAR", "open": 510.26, "close": 489.63, "high": 545.47, "low": 456.57, "adjclose": 482.39, "volume": 2736532, "zadjcp": -0.0546, "market": "NASDAQ"}, {"date": "2025-01-20", "ticker": "ASML", "open": 940.52, "close": 980.67, "high": 1045.64, "low": 886.13, "adjclose": 990.72, "volume": 9983724, "zadjcp": 0.0534, "market": "NASDAQ"}, {"date": "2025-01-20", "ticker": "ABNB", "open": 1315.35, "close": 1290.33, "high": 1416.55, "low": 1220.79, "adjclose": 1291.74, "volume": 8284236, "zadjcp": -0.0179, "market": "NASDAQ"}, {"date": "2025-01-20", "ticker": "MNST", "open": 1725.31, "close": 1783.31, "high": 1920.35, "low": 1713.77, "adjclose": 1782.84, "volume": 7213144, "zadjcp": 0.0333, "market": "NASDAQ"}, {"date": "2025-01-20", "ticker": "ORLY", "open": 538.75, "close": 535.07, "high": 547.09, "low": 499.05, "adjclose": 541.55, "volume": 4042691, "zadjcp": 0.0052, "market": "NASDAQ"}, {"date": "2025-01-20", "ticker": "NXPI", "open": 1366.19, "close": 1421.16, "high": 1494.59, "low": 1338.89, "adjclose": 1419.82, "volume": 2065712, "zadjcp": 0.0393, "market": "NASDAQ"}, {"date": "2025-01-20", "ticker": "MRVL", "open": 371.78, "close": 377.7, "high": 413.74, "low": 369.39, "adjclose": 381.87, "volume": 7346832, "zadjcp": 0.0271, "market": "NASDAQ"}]